{"mtx": [[1305.4782549237589, 0.0, 1900.438120723994], [0.0, 1319.2980012905525, 788.0230587344582], [0.0, 0.0, 1.0]], "dist": [[-0.005913402907103073, -0.010438814371181836, 0.006674899061752178, 0.000399385474172089, 0.002662282356780937]], "tvecs": [[14800.0], [-17860.0], [-6200.0]], "rvecs": [[0.0], [0.0], [0.0]]}