{"mtx": [[6091.208321313791, 0.0, 2004.9915149965266], [0.0, 6054.346257639822, 1503.4744792648426], [0.0, 0.0, 1.0]], "dist": [[-0.5536762451575891, 0.6615595172166978, -0.025237135789232618, -0.01437558665805563, -1.360819095621062]], "tvecs": [[0.0], [0.0], [0.0]], "rvecs": [[0.0], [0.0], [0.0]]}