{
  "metrics": {
    "overall": {
      "detection": {
        "threshold_0.3m": {
          "precision": 0.4487072560467056,
          "recall": 0.29527991218441274,
          "f1": 0.3561734524991725,
          "tp": 538,
          "fp": 661,
          "fn": 1284
        },
        "threshold_0.5m": {
          "precision": 0.5713094245204337,
          "recall": 0.37596048298573,
          "f1": 0.4534922211188348,
          "tp": 685,
          "fp": 514,
          "fn": 1137
        },
        "threshold_1.0m": {
          "precision": 0.6430358632193495,
          "recall": 0.42316136114160263,
          "f1": 0.5104270109235353,
          "tp": 771,
          "fp": 428,
          "fn": 1051
        }
      },
      "position": {
        "mae": 0.2652656446133013,
        "rmse": 0.32686069404111306,
        "percentiles": {
          "25": 0.12822915964652937,
          "50": 0.21035331410916866,
          "75": 0.34843518060104745,
          "90": 0.5376893131455057
        },
        "N": 771
      }
    },
    "by_class": {
      "ball": {
        "detection": {
          "threshold_0.3m": {
            "precision": 0.04938271604938271,
            "recall": 0.01694915254237288,
            "f1": 0.025236593059936908,
            "tp": 4,
            "fp": 77,
            "fn": 232
          },
          "threshold_0.5m": {
            "precision": 0.06172839506172839,
            "recall": 0.0211864406779661,
            "f1": 0.031545741324921134,
            "tp": 5,
            "fp": 76,
            "fn": 231
          },
          "threshold_1.0m": {
            "precision": 0.08641975308641975,
            "recall": 0.029661016949152543,
            "f1": 0.044164037854889586,
            "tp": 7,
            "fp": 74,
            "fn": 229
          }
        },
        "position": {
          "mae": 0.31327187120753436,
          "rmse": 0.40866096596090096,
          "percentiles": {
            "25": 0.09661558062727921,
            "50": 0.27870807141700293,
            "75": 0.45427438630875694,
            "90": 0.6773026073698994
          },
          "N": 7
        }
      },
      "player": {
        "detection": {
          "threshold_0.3m": {
            "precision": 0.4891611687087653,
            "recall": 0.4205834683954619,
            "f1": 0.4522875816993464,
            "tp": 519,
            "fp": 542,
            "fn": 715
          },
          "threshold_0.5m": {
            "precision": 0.6098020735155514,
            "recall": 0.5243111831442464,
            "f1": 0.5638344226579521,
            "tp": 647,
            "fp": 414,
            "fn": 587
          },
          "threshold_1.0m": {
            "precision": 0.6814326107445806,
            "recall": 0.5858995137763371,
            "f1": 0.6300653594771243,
            "tp": 723,
            "fp": 338,
            "fn": 511
          }
        },
        "position": {
          "mae": 0.25835513434790636,
          "rmse": 0.32007513696006856,
          "percentiles": {
            "25": 0.12705717459437188,
            "50": 0.20416100305545407,
            "75": 0.33414113269683354,
            "90": 0.5126523796583309
          },
          "N": 723
        }
      },
      "referee": {
        "detection": {
          "threshold_0.3m": {
            "precision": 0.2631578947368421,
            "recall": 0.04261363636363636,
            "f1": 0.07334963325183373,
            "tp": 15,
            "fp": 42,
            "fn": 337
          },
          "threshold_0.5m": {
            "precision": 0.5789473684210527,
            "recall": 0.09375,
            "f1": 0.16136919315403422,
            "tp": 33,
            "fp": 24,
            "fn": 319
          },
          "threshold_1.0m": {
            "precision": 0.7192982456140351,
            "recall": 0.11647727272727272,
            "f1": 0.2004889975550122,
            "tp": 41,
            "fp": 16,
            "fn": 311
          }
        },
        "position": {
          "mae": 0.3789304088991784,
          "rmse": 0.4171048066707878,
          "percentiles": {
            "25": 0.23968827850368793,
            "50": 0.3769986800154197,
            "75": 0.4595992497383284,
            "90": 0.6566626109720088
          },
          "N": 41
        }
      }
    },
    "params": {
      "FRAME_SCALE": 5,
      "FRAME_OFFSET": -2,
      "PREC_THRESH_M": [
        0.3,
        0.5,
        1.0
      ],
      "MATCH_GATE_M": 1.0,
      "MATCH_GATE_BY_CLASS": {
        "0": 1.8,
        "1": 1.2,
        "2": 1.2
      },
      "GT_MERGE_RADIUS_M": 0.8,
      "MERGE_RADIUS_BY_CLASS": {
        "0": 0.3,
        "1": 0.8,
        "2": 0.8
      },
      "GT_CLASS_MAP": "COCO\u2192{0:ball,1:player,2:referee}"
    },
    "frames_evaluated": 120
  },
  "tracking": {
    "MOTA_3D": 0.05433589462129529,
    "MOTP_3D_m": 0.2652656446133013,
    "Precision": 0.6430358632193495,
    "Recall": 0.42316136114160263,
    "F1": 0.5104270109235353,
    "ID_Switches": 244,
    "Fragments": 42,
    "FP": 428,
    "FN": 1051,
    "GT_total": 1822,
    "Matches": 771,
    "N_pos": 771
  },
  "idf1": {
    "IDP": 0.31526271893244373,
    "IDR": 0.2074643249176729,
    "IDF1": 0.25024826216484614,
    "IDTP": 378,
    "IDFP": 821,
    "IDFN": 1444
  }
}